"id";"date";"title";"duration";"duration_seconds";"distance_km";"elevation_m";"relative_effort";"dpnk";"bike_type"
"1";"2026-01-15";"Evening Ride";"1:01:46";"3706";"32.0";"0";"";"0";"Rotoped"
"2";"2026-01-02";"Morning Ride";"38:10";"2290";"20.0";"0";"";"0";"Rotoped"
"3";"2026-01-01";"2025 ukončen, 2026 ahoj!";"49:37";"2977";"26.0";"0";"";"0";"Rotoped"
"4";"2025-12-31";"Poslední kilometry roku 25";"59:07";"3547";"31.0";"0";"";"0";"Rotoped"
"5";"2025-12-30";"Ranní duolingo";"57:25";"3445";"30.0";"0";"";"0";"Rotoped"
"6";"2025-12-29";"Morning Ride";"28:38";"1718";"15.0";"0";"";"0";"Rotoped"
"7";"2025-12-27";"Morning Ride";"19:25";"1165";"10.1";"0";"";"0";"Rotoped"
"8";"2025-12-24";"Vánoční zázrak!";"58:23";"3503";"16.76";"132";"76";"0";"PELLS"
"9";"2025-12-24";"Duolingo";"1:21:41";"4901";"35.0";"0";"";"0";"Rotoped"
"10";"2025-12-23";"Alza box";"1:13:17";"4397";"21.02";"185";"117";"0";"PELLS"
"11";"2025-12-23";"#předspáleno";"1:39:55";"5995";"44.4";"0";"";"0";"Rotoped"
"12";"2025-12-22";"Pohádky😁";"1:31:33";"5493";"40.0";"0";"";"0";"Rotoped"
"13";"2025-12-21";"Morning Ride";"35:28";"2128";"15.0";"0";"";"0";"Rotoped"
"14";"2025-12-20";"Z Box";"1:42:18";"6138";"33.15";"177";"194";"0";"PELLS"
"15";"2025-12-19";"Morning Ride";"35:20";"2120";"15.0";"0";"";"0";"Rotoped"
"16";"2025-12-16";"only 200km left";"48:07";"2887";"20.3";"0";"";"0";"Rotoped"
"17";"2025-12-15";"Morning Ride";"1:17:18";"4638";"34.0";"0";"";"0";"Rotoped"
"18";"2025-12-11";"DPNK";"47:12";"2832";"15.74";"56";"88";"1";"PELLS"
"19";"2025-12-11";"Morning Ride";"1:12:27";"4347";"30.0";"0";"";"0";"Rotoped"
"20";"2025-12-10";"ZPNK";"39:19";"2359";"12.11";"92";"61";"1";"PELLS"
"21";"2026-04-13";"Na jogu";"21:51";"1311";"7.35";"37";"32";"0";"PELLS"
"22";"2026-04-11";"První letošní hovado!";"50:56";"3056";"17.96";"108";"109";"0";"PELLS"
"23";"2026-03-14";"Morning Ride";"45:19";"2719";"21.0";"0";"";"0";"Rotoped"
"24";"2026-03-13";"ZPNK";"57:33";"3453";"19.25";"89";"76";"1";"PELLS"
"25";"2026-03-13";"DPNK";"44:29";"2669";"15.67";"73";"103";"1";"PELLS"
"26";"2026-03-10";"Morning Ride";"50:04";"3004";"23.0";"0";"";"0";"Rotoped"
"27";"2026-03-09";"Morning Ride";"43:06";"2586";"20.0";"0";"";"0";"Rotoped"
"28";"2026-03-08";"Morning Ride";"1:27:17";"5237";"26.08";"290";"144";"0";"PELLS"
"29";"2026-03-07";"Afternoon Ride";"2:09:12";"7752";"42.19";"370";"237";"0";"PELLS"
"30";"2026-03-06";"Afternoon Ride #666 #ZPNK";"1:23:41";"5021";"26.66";"108";"142";"1";"PELLS"
"31";"2026-03-06";"DPNK";"44:00";"2640";"13.12";"84";"93";"1";"PELLS"
"32";"2026-03-05";"DPNK ale na rotopedu, bo je zas mlha ****";"28:07";"1687";"13.8";"0";"";"1";"Rotoped"
"33";"2026-03-04";"Ranních 20 min.";"20:40";"1240";"10.0";"0";"";"0";"Rotoped"
"34";"2026-03-01";"Afternoon Ride";"1:41:52";"6112";"50.1";"0";"";"0";"Rotoped"
"35";"2026-02-27";"Lunch Ride";"1:12:49";"4369";"21.91";"169";"175";"0";"PELLS"
"36";"2026-02-22";"#404";"1:20:00";"4800";"40.0";"0";"";"0";"Rotoped"
"37";"2026-02-20";"Afternoon Ride";"1:05:00";"3900";"33.3";"0";"";"0";"Rotoped"
"38";"2026-01-26";"Bahno a radost! #jizdaOPřežití😅";"53:54";"3234";"15.14";"81";"114";"0";"PELLS"
"39";"2026-01-23";"Evening Ride";"1:18:01";"4681";"33.3";"0";"";"0";"Rotoped"
"40";"2026-01-17";"Morning Ride";"47:50";"2870";"25.0";"0";"";"0";"Rotoped"
"41";"2026-05-03";"#dpnktam #vejce😁";"36:58";"2218";"15.11";"64";"67";"1";"PELLS"
"42";"2026-05-02";"Práčov trip";"2:31:13";"9073";"43.95";"538";"217";"0";"PELLS"
"43";"2026-05-01";"Afternoon Ride";"1:10:21";"4221";"25.19";"147";"122";"0";"PELLS"
"44";"2026-04-30";"Afternoon Ride";"1:21:24";"4884";"25.21";"258";"136";"0";"PELLS"
"45";"2026-04-27";"Z jógy rovnou domů";"43:03";"2583";"15.21";"81";"80";"0";"PELLS"
"46";"2026-04-27";"Na jogu";"16:45";"1005";"6.25";"40";"30";"0";"PELLS"
"47";"2026-04-25";"Evening Ride";"56:51";"3411";"20.68";"117";"94";"0";"PELLS"
"48";"2026-04-24";"ZPNK";"32:46";"1966";"12.18";"91";"58";"1";"PELLS"
"49";"2026-04-24";"DPNK";"59:58";"3598";"20.51";"80";"114";"1";"PELLS"
"50";"2026-04-23";"S větrem o závod";"1:10:56";"4256";"22.42";"164";"84";"0";"PELLS"
"51";"2026-04-19";"Úprk před deštěm";"15:17";"917";"5.81";"37";"29";"0";"PELLS"
"52";"2026-04-19";"Mamince do lékárny";"25:45";"1545";"8.49";"74";"52";"0";"PELLS"
"53";"2026-04-18";"Přichází noc!";"54:50";"3290";"20.78";"113";"93";"0";"PELLS"
"54";"2026-04-17";"ZPNK";"1:07:08";"4028";"22.0";"89";"63";"1";"PELLS"
"55";"2026-04-17";"DPNK";"1:02:31";"3751";"21.57";"86";"82";"1";"PELLS"
"56";"2026-04-16";"ZPNK";"38:29";"2309";"12.83";"92";"68";"1";"PELLS"
"57";"2026-04-16";"DPNK";"40:46";"2446";"12.7";"84";"83";"1";"PELLS"
"58";"2026-04-15";"ZPNK";"42:08";"2528";"15.14";"74";"69";"1";"PELLS"
"59";"2026-04-15";"DPNK";"43:06";"2586";"15.08";"75";"100";"1";"PELLS"
"60";"2026-04-13";"Z jogy";"18:34";"1114";"6.75";"42";"57";"0";"PELLS"
"61";"2026-05-14";"#dpnktam #zajici";"37:38";"2258";"12.63";"75";"45";"1";"PELLS"
"62";"2026-05-13";"#dpnkzpět #vítr";"35:42";"2142";"12.23";"91";"70";"1";"PELLS"
"63";"2026-05-13";"#dpnktam #třemhlav";"35:40";"2140";"11.92";"56";"42";"1";"PELLS"
"64";"2026-05-12";"#dpnkzpět #vítr";"37:13";"2233";"13.68";"75";"40";"1";"PELLS"
"65";"2026-05-12";"#dpnktam";"44:28";"2668";"13.62";"60";"30";"1";"PELLS"
"66";"2026-05-10";"Morning Ride";"7:41";"461";"2.31";"7";"2";"0";"PELLS"
"67";"2026-05-10";"Morning Ride";"3:34";"214";"0.9";"3";"0";"0";"PELLS"
"68";"2026-05-09";"Na hasičské závody Tuněchody 2026";"17:36";"1056";"5.63";"34";"30";"0";"PELLS"
"69";"2026-05-07";"#dpnkzpět #regenerace";"38:26";"2306";"12.22";"92";"22";"1";"PELLS"
"70";"2026-05-07";"#dpnktam";"41:23";"2483";"15.36";"72";"66";"1";"PELLS"
"71";"2026-05-06";"#dpnkzpět #rovnouDomu #ekoSprcha";"1:22:51";"4971";"27.9";"205";"134";"1";"PELLS"
"72";"2026-05-06";"#dpnktam";"48:26";"2906";"17.11";"88";"51";"1";"PELLS"
"73";"2026-05-05";"#dpnkzpět #odlékara";"26:53";"1613";"8.78";"51";"30";"1";"PELLS"
"74";"2026-05-05";"#dpnkzpět #včetně lékaře";"32:53";"1973";"11.29";"64";"55";"1";"PELLS"
"75";"2026-05-05";"#dpnktam";"38:20";"2300";"15.12";"65";"71";"1";"PELLS"
"76";"2026-05-04";"#dpnkzpět";"1:23:38";"5018";"29.48";"163";"71";"1";"PELLS"
"77";"2026-05-04";"#dpnktam";"40:53";"2453";"15.14";"65";"45";"1";"PELLS"
"78";"2026-05-03";"#dpnkzpět #vítr 😝😁";"56:57";"3417";"17.52";"116";"77";"1";"PELLS"
"79";"2026-05-03";"Odpolední jízda";"9:12";"552";"2.72";"16";"7";"0";"PELLS"
"80";"2026-05-03";"Afternoon Ride";"7:22";"442";"2.69";"5";"5";"0";"PELLS"
"81";"2026-06-01";"Na jogu";"17:17";"1037";"6.25";"40";"18";"0";"PELLS"
"82";"2026-05-27";"Afternoon Ride #dpnkzpět";"32:31";"1951";"12.28";"91";"44";"1";"PELLS"
"83";"2026-05-27";"Takový to klasický ranní vymetání pavučin na Habrově #dpnktam";"39:27";"2367";"12.62";"76";"27";"1";"PELLS"
"84";"2026-05-26";"Afternoon Ride #dpnkzpět #rovnouDomů #přežila #díkyKájo s Tebou jsem jela ještě obstojně, pak už jsem vypnula.";"1:19:18";"4758";"27.23";"189";"114";"1";"PELLS"
"85";"2026-05-26";"Morning Ride #dpnktam";"43:55";"2635";"16.8";"80";"64";"1";"PELLS"
"86";"2026-05-25";"Afternoon Ride #dpnkzpět";"32:43";"1963";"12.25";"91";"72";"1";"PELLS"
"87";"2026-05-25";"Morning Ride #dpnk #agonie #rozbitaJakCigánskýHračky #naPůlPlynu";"39:18";"2358";"14.36";"68";"40";"1";"PELLS"
"88";"2026-05-22";"Afternoon Ride #dpnkzpět #vejšlap #teambuilding #ŽivotJeKrásný";"1:30:00";"5400";"31.28";"161";"135";"1";"PELLS"
"89";"2026-05-22";"Morning Ride #dpnktam #vejce";"39:10";"2350";"14.61";"67";"46";"1";"PELLS"
"90";"2026-05-21";"Afternoon Ride #dpnkzpět #rovnouDomů";"1:03:16";"3796";"23.55";"88";"47";"1";"PELLS"
"91";"2026-05-21";"Morning Ride #dpnktam #slowdown";"42:38";"2558";"12.55";"78";"24";"1";"PELLS"
"92";"2026-05-20";"Afternoon Ride #dpnkzpět #kopřivy";"40:00";"2400";"14.02";"75";"32";"1";"PELLS"
"93";"2026-05-20";"Morning Ride #dpnktam";"55:55";"3355";"20.61";"82";"97";"1";"PELLS"
"94";"2026-05-19";"Afternoon Ride #dpnkzpět #zpráceRovnouDomu";"1:56:56";"7016";"41.27";"179";"135";"1";"PELLS"
"95";"2026-05-19";"Morning Ride #tretíVosíKoleno #dpnktam";"39:57";"2397";"15.13";"66";"63";"1";"PELLS"
"96";"2026-05-18";"Afternoon Ride #dpnkzpět #yosa #tatínekVámVyhlásíVálku!";"33:01";"1981";"12.27";"91";"58";"1";"PELLS"
"97";"2026-05-18";"Morning Ride #dpnktam";"42:43";"2563";"15.13";"64";"41";"1";"PELLS"
"98";"2026-05-17";"Lunch Ride #dpnkzpět #vejce";"38:59";"2339";"12.13";"94";"42";"1";"PELLS"
"99";"2026-05-17";"Morning Ride #dpnktam #vejce";"57:06";"3426";"20.53";"88";"67";"1";"PELLS"
"100";"2026-05-14";"#dpnkzpět #koloNEumyto";"35:30";"2130";"12.21";"91";"42";"1";"PELLS"
"101";"2026-07-17";"Afternoon Ride #ZPNK";"37:23";"2243";"12.18";"94";"26";"1";"PELLS"
"102";"2026-07-17";"Morning Ride #DPNK";"51:00";"3060";"18.62";"152";"103";"1";"PELLS"
"103";"2026-07-16";"Afternoon Ride #ZPNK";"1:23:05";"4985";"28.37";"273";"155";"1";"PELLS"
"104";"2026-07-16";"Odpolední jízda";"16:00";"960";"7.3";"0";"";"0";"Rotoped"
"105";"2026-07-16";"Morning Ride #dpnk";"1:01:30";"3690";"21.78";"92";"63";"1";"PELLS"
"106";"2026-07-15";"#ZPNK s nejlepšími parťáky";"1:39:28";"5968";"36.78";"235";"218";"1";"PELLS"
"107";"2026-07-15";"Morning Ride #DPNK";"34:04";"2044";"13.98";"61";"93";"1";"PELLS"
"108";"2026-07-14";"Před bouří";"28:13";"1693";"10.11";"67";"40";"0";"PELLS"
"109";"2026-07-13";"Afternoon Ride #ZPNK #rovnouDomů";"1:01:18";"3678";"24.24";"106";"116";"1";"PELLS"
"110";"2026-07-13";"Morning Ride #DPNK";"42:50";"2570";"16.0";"74";"69";"1";"PELLS"
"111";"2026-07-12";"Taky jsme si dala o víkendu stovku!";"1:25:01";"5101";"28.2";"244";"106";"0";"PELLS"
"112";"2026-07-11";"Afternoon Ride";"3:12:38";"11558";"60.06";"365";"255";"0";"PELLS"
"113";"2026-07-10";"Afternoon Ride #furt1plnej";"1:17:14";"4634";"24.15";"237";"78";"0";"PELLS"
"114";"2026-06-25";"Afternoon Ride #ZPNK";"1:04:45";"3885";"19.97";"102";"81";"1";"PELLS"
"115";"2026-06-25";"Morning Ride #DPNK";"1:35:36";"5736";"31.27";"241";"185";"1";"PELLS"
"116";"2026-06-24";"Afternoon Ride #ZPNK";"1:08:43";"4123";"24.8";"106";"128";"1";"PELLS"
"117";"2026-06-24";"DPNK #naKlid";"47:44";"2864";"16.82";"85";"71";"1";"PELLS"
"118";"2026-06-02";"Afternoon Ride #ZPNK";"1:33:49";"5629";"30.63";"168";"149";"1";"PELLS"
"119";"2026-06-02";"Morning Ride DPNK";"33:54";"2034";"13.25";"58";"77";"1";"PELLS"
"120";"2026-06-01";"Z jógy";"20:37";"1237";"6.68";"43";"15";"0";"PELLS"
"121";"2026-07-31";"ZPNK";"26:47";"1607";"8.4";"60";"20";"1";"PELLS"
"122";"2026-07-31";"Odpolední jízda";"15:00";"900";"5.6";"0";"";"0";"Rotoped"
"123";"2026-07-31";"Lunch Ride";"5:49";"349";"1.61";"7";"2";"0";"PELLS"
"124";"2026-07-31";"#DPNK";"1:54:55";"6895";"42.61";"162";"81";"1";"PELLS"
"125";"2026-07-29";"#ZPNK";"41:05";"2465";"13.62";"79";"30";"1";"PELLS"
"126";"2026-07-29";"Morning Ride";"1:25:33";"5133";"30.81";"225";"113";"0";"PELLS"
"127";"2026-07-28";"Odpolední jízda";"3:40:17";"13217";"66.13";"1067";"";"0";"PELLS"
"128";"2026-07-28";"Afternoon Ride";"1:42:23";"6143";"30.31";"322";"112";"0";"PELLS"
"129";"2026-07-28";"Morning Ride #DPNK";"1:20:02";"4802";"28.64";"201";"89";"1";"PELLS"
"130";"2026-07-27";"Na zmrzlinku 😊";"51:12";"3072";"15.36";"107";"32";"0";"PELLS"
"131";"2026-07-27";"#ZPNK";"37:46";"2266";"12.32";"94";"31";"1";"PELLS"
"132";"2026-07-27";"Morning Ride";"1:08:24";"4104";"22.84";"91";"58";"0";"PELLS"
"133";"2026-07-26";"Morning Ride";"4:01:29";"14489";"71.95";"873";"303";"0";"PELLS"
"134";"2026-07-24";"#ZPNK";"1:04:42";"3882";"22.02";"94";"49";"1";"PELLS"
"135";"2026-07-24";"#DPNK #vítr #déšť #tma #přituhuje";"1:28:02";"5282";"30.07";"233";"141";"1";"PELLS"
"136";"2026-07-22";"Afternoon Ride #ZPNK #vítrTrenér";"1:08:21";"4101";"23.27";"169";"47";"1";"PELLS"
"137";"2026-07-22";"Morning Ride #DPNK";"1:25:59";"5159";"30.0";"126";"76";"1";"PELLS"
"138";"2026-07-20";"Afternoon Ride #ZPNK #vítr";"1:03:37";"3817";"24.23";"106";"79";"1";"PELLS"
"139";"2026-07-20";"Morning Ride #DPNK";"1:25:55";"5155";"29.13";"226";"89";"1";"PELLS"
"140";"2026-07-19";"#lesy 💜🌳";"2:40:34";"9634";"56.92";"241";"170";"0";"PELLS"
"141";"2026-09-07";"Evening Ride #joga";"41:00";"2460";"12.86";"94";"66";"0";"PELLS"
"142";"2026-09-07";"Odpolední jízda #joga";"58:09";"3489";"18.72";"149";"89";"0";"PELLS"
"143";"2026-09-05";"Afternoon Ride";"1:41:54";"6114";"31.33";"330";"134";"0";"PELLS"
"144";"2026-09-02";"Evening Ride #joga";"19:39";"1179";"6.74";"51";"46";"0";"PELLS"
"145";"2026-09-02";"Afternoon Ride #joga";"16:47";"1007";"5.56";"37";"47";"0";"PELLS"
"146";"2026-09-02";"Afternoon Ride #ZPNK";"36:30";"2190";"12.31";"94";"55";"1";"PELLS"
"147";"2026-09-02";"Morning Ride #DPNK";"47:07";"2827";"16.01";"74";"50";"1";"PELLS"
"148";"2026-08-31";"Morning Ride #DPNK";"2:04:32";"7472";"40.13";"191";"103";"1";"PELLS"
"149";"2026-08-30";"Morning Ride";"2:14:16";"8056";"34.76";"377";"99";"0";"PELLS"
"150";"2026-08-10";"Afternoon Ride";"44:02";"2642";"13.53";"94";"37";"0";"PELLS"
"151";"2026-08-10";"Afternoon Ride";"47:03";"2823";"14.19";"100";"37";"0";"PELLS"
"152";"2026-08-09";"Morning Ride";"2:38:14";"9494";"45.95";"585";"190";"0";"PELLS"
"153";"2026-08-05";"Afternoon Ride";"40:50";"2450";"12.29";"94";"15";"0";"PELLS"
"154";"2026-08-05";"Morning Ride";"1:16:34";"4594";"27.2";"199";"71";"0";"PELLS"
"155";"2026-08-04";"Afternoon Ride";"56:11";"3371";"19.28";"93";"107";"0";"PELLS"
"156";"2026-08-04";"Morning Ride";"1:21:34";"4894";"27.18";"135";"35";"0";"PELLS"
"157";"2026-08-03";"Odpolední jízda";"56:56";"3416";"12.27";"94";"46";"0";"PELLS"
"158";"2026-08-03";"Morning Ride";"1:13:44";"4424";"27.21";"199";"107";"0";"PELLS"
"159";"2026-08-02";"Afternoon Ride";"1:37:56";"5876";"34.81";"183";"56";"0";"PELLS"
"160";"2026-08-01";"Afternoon Ride";"1:49:47";"6587";"35.16";"185";"46";"0";"PELLS"
"161";"2026-10-08";"#DPNK #tma";"39:46";"2386";"14.03";"60";"71";"1";"PELLS"
"162";"2026-10-07";"#ZJogy";"18:42";"1122";"6.7";"51";"36";"0";"PELLS"
"163";"2026-10-07";"#naJogu";"15:37";"937";"5.6";"0";"24";"0";"Rotoped"
"164";"2026-10-06";"Výprava za z(a)tracenou bejskou";"42:37";"2557";"11.69";"85";"29";"0";"PELLS"
"165";"2026-10-05";"#ZTenisu";"19:14";"1154";"6.87";"42";"40";"0";"PELLS"
"166";"2026-10-05";"#naTenis";"20:13";"1213";"6.93";"61";"36";"0";"PELLS"
"167";"2026-09-28";"#podzim #100k 💜🌳";"5:33:19";"19999";"101.8";"679";"533";"0";"PELLS"
"168";"2026-09-28";"Na vlak";"26:07";"1567";"7.78";"74";"10";"0";"PELLS"
"169";"2026-09-23";"Afternoon Ride #ZPNK";"42:43";"2563";"13.7";"78";"20";"1";"PELLS"
"170";"2026-09-23";"Morning Ride #DPNK";"42:12";"2532";"12.66";"82";"43";"1";"PELLS"
"171";"2026-09-21";"Afternoon Ride #ZPNK";"44:49";"2689";"13.65";"78";"27";"1";"PELLS"
"172";"2026-09-21";"Morning Ride #DPNK";"45:56";"2756";"15.97";"73";"65";"1";"PELLS"
"173";"2026-09-20";"Morning Ride";"2:46:54";"10014";"48.55";"526";"160";"0";"PELLS"
"174";"2026-09-19";"Afternoon Ride";"1:58:50";"7130";"41.69";"182";"129";"0";"PELLS"
"175";"2026-09-13";"Rybník Tůr";"1:09:21";"4161";"23.16";"187";"110";"0";"PELLS"
"176";"2026-09-10";"Afternoon Ride";"39:28";"2368";"13.0";"72";"15";"0";"PELLS"
"177";"2026-09-10";"Afternoon Ride";"0:42";"42";"0.08";"0";"0";"0";"Rotoped"
"178";"2026-09-10";"Morning Ride #DPNK";"43:01";"2581";"12.64";"81";"43";"1";"PELLS"
"179";"2026-09-08";"Odpolední jízda #ZPNK";"59:46";"3586";"18.17";"123";"70";"1";"PELLS"
"180";"2026-09-08";"Morning Ride #DPNK";"46:37";"2797";"16.03";"74";"74";"1";"PELLS"
